Workbook

Sheet ربح الطلب
A1: ربح الطلب الواحد (ريشة، مبخر السيارة)
A2: الخلايا الصفراء افتراضات مني مو أرقام مؤكدة. بدّلها بأرقام مورّدك وشركة الشحن الفعلية والباقي يتحدث.
A4: البند | B4: قطعة واحدة | C4: قطعتين | D4: ملاحظات
A5: سعر البيع للعميل (شامل الضريبة) | B5: 129 | C5: 229 | D5: افتراض: قارن بأسعار المنافسين في سوق المبخرات
A6: نسبة ضريبة القيمة المضافة المطبقة | B6: 0 | C6: 0 | D6: 0% لو غير مسجّل. تسجيل الضريبة إلزامي لو تجاوزت مبيعاتك الحد النظامي. تأكد من هيئة الزكاة (ZATCA)
A7: تكلفة المنتج من المورّد (للقطعة) | B7: 38 | C7: 38 | D7: افتراض غير مؤكد. اطلب عرض سعر من المورّد، وجرّب عينة قبل الإعلان
A8: عدد القطع في الطلب | B8: 1 | C8: 2
A9: تكلفة الشحن علينا للعميل | B9: 22 | C9: 22 | D9: افتراض: اسأل شركات الشحن عن سعر مدينتك
A10: رسوم الدفع عند الاستلام | B10: 12 | C10: 12 | D10: افتراض: تختلف حسب شركة الشحن
A11: نسبة المرتجعات والطلبات الملغاة | B11: 0.15 | C11: 0.15 | D11: افتراض: الدفع عند الاستلام غالبًا نسبة رفض أعلى من الدفع المسبق
A13: صافي الإيراد بدون ضريبة | B13: =B5/(1+B6) -> 129 | C13: =C5/(1+C6) -> 229 | D13: السعر ÷ (1 + الضريبة)
A14: إجمالي تكلفة المنتج | B14: =B7*B8 -> 38 | C14: =C7*C8 -> 76
A15: تكلفة المرتجعات المتوقعة للطلب | B15: =B11*(B9*2) -> 6.6 | C15: =C11*(C9*2) -> 6.6 | D15: ذهاب وإياب بالشحن. بافتراض أن المنتج المرتجع يرجع سليم
A16: الربح قبل الإعلان | B16: =B13-B14-B9-B10-B15 -> 50.4 | C16: =C13-C14-C9-C10-C15 -> 112.4 | D16: اللي يبقى قبل ما تدفع للإعلان
A17: هامش الربح قبل الإعلان | B17: =IF(B13>0,B16/B13,0) -> 0.39069767 | C17: =IF(C13>0,C16/C13,0) -> 0.49082969
A18: أعلى تكلفة إعلان لكل طلب (التعادل) | B18: =B16 -> 50.4 | C18: =C16 -> 112.4 | D18: لو تكلفتك الإعلانية للطلب أكثر من هذا الرقم، تخسر
A19: ROAS التعادل | B19: =IF(B16>0,B5/B16,0) -> 2.5595238 | C19: =IF(C16>0,C5/C16,0) -> 2.0373665 | D19: كل ريال إعلان لازم يرجع على الأقل هذا المبلغ مبيعات

Sheet سيناريوهات الشهر
A1: ثلاثة سيناريوهات لشهر واحد
A2: كل الأرقام الصفراء افتراضات. الإعلانات هي أكبر مجهول عندك، ما تعرفه إلا بعد التجربة.
A4: البند | B4: ضعيف | C4: متوسط | D4: قوي | E4: ملاحظات
A5: ميزانية الإعلان اليومية | B5: 150 | C5: 150 | D5: 150 | E5: افتراض
A6: تكلفة الإعلان لكل طلب (CPA) | B6: 80 | C6: 50 | D6: 35 | E6: افتراض غير مؤكد. تعرفها من أول أسبوع إعلانات
A7: أيام الإعلان في الشهر | B7: 30 | C7: 30 | D7: 30
A8: نسبة من يختار القطعتين | B8: 0.1 | C8: 0.2 | D8: 0.3 | E8: افتراض
A9: مصاريف ثابتة شهرية (أدوات، اشتراكات) | B9: 300 | C9: 300 | D9: 300 | E9: افتراض: دومين، أدوات، إلخ
A11: عدد الطلبات في الشهر | B11: =IF(B6>0,B5*B7/B6,0) -> 56.25 | C11: =IF(C6>0,C5*C7/C6,0) -> 90 | D11: =IF(D6>0,D5*D7/D6,0) -> 128.57143
A12: متوسط ربح الطلب قبل الإعلان | B12: =(1-B8)*'ربح الطلب'!$B$16+B8*'ربح الطلب'!$C$16 -> 56.6 | C12: =(1-C8)*'ربح الطلب'!$B$16+C8*'ربح الطلب'!$C$16 -> 62.8 | D12: =(1-D8)*'ربح الطلب'!$B$16+D8*'ربح الطلب'!$C$16 -> 69 | E12: مرجّح بنسبة الباقتين
A13: إجمالي الربح قبل الإعلان | B13: =B11*B12 -> 3183.75 | C13: =C11*C12 -> 5652 | D13: =D11*D12 -> 8871.4286
A14: إجمالي الإعلان | B14: =B5*B7 -> 4500 | C14: =C5*C7 -> 4500 | D14: =D5*D7 -> 4500
A15: صافي الربح الشهري | B15: =B13-B14-B9 -> -1616.25 | C15: =C13-C14-C9 -> 852 | D15: =D13-D14-D9 -> 4071.4286 | E15: لو سالب فأنت تخسر في هذا السيناريو
A16: الإيراد الإجمالي (بدون ضريبة) | B16: =B11*((1-B8)*'ربح الطلب'!$B$13+B8*'ربح الطلب'!$C$13) -> 7818.75 | C16: =C11*((1-C8)*'ربح الطلب'!$B$13+C8*'ربح الطلب'!$C$13) -> 13410 | D16: =D11*((1-D8)*'ربح الطلب'!$B$13+D8*'ربح الطلب'!$C$13) -> 20442.857
A18: ميزانية الاختبار المقترحة
A19: ميزانية إعلانات أول 7 أيام | B19: =B5*7 -> 1050 | E19: اللي تخسره غالبًا لو ما اشتغلت الإعلانات. لا تدخل بأكثر مما تتحمل خسارته
A20: عينة المنتج + مصاريف تجهيز | B20: 400 | E20: افتراض: جرّب عينة قبل ما تبيع. تأكد من جودة المنتج وسلامته
A21: إجمالي رأس مال الاختبار | B21: =B19+B20 -> 1450

Sheet قبل الإطلاق
A1: أشياء تتأكد منها قبل ما تصرف على إعلان
A3: # | B3: البند | C3: ليش مهم | D3: الحالة
A4: 1 | B4: نوع المنتج وطريقة تشغيله | C4: الموقع مكتوب على أنه مبخر كهربائي. تأكد من مصدر الطاقة (شاحن سيارة؟ USB؟ بطارية؟) ومدة التسخين، وعدّل الوصف | D4: لم يتم
A5: 2 | B5: سلامة الاستخدام | C5: منتج يسخّن داخل السيارة. اطلب شهادات الجودة (مثل SASO/SABER) من المورّد. بعض المنتجات المستوردة تحتاج مطابقة قبل البيع | D5: لم يتم
A6: 3 | B6: سعر المورّد وجودة العينة | C6: السعر 38 افتراض مني. اطلب عينة وجرّبها بنفسك أسبوع | D6: لم يتم
A7: 4 | B7: مدة التوصيل من المورّد | C7: لو المنتج يجي من الخارج وتأخر، المرتجعات والشكاوى ترتفع والإعلانات تخسر | D7: لم يتم
A8: 5 | B8: السجل التجاري أو وثيقة العمل الحر | C8: بيع المنتجات عبر متجر إلكتروني في السعودية يحتاج توثيق (مثل منصة معروف أو سجل تجاري). راجع الجهات الرسمية | D8: لم يتم
A9: 6 | B9: الصور | C9: صورة المنتج الحالية من المورّد غالبًا. صوّر المنتج بنفسك داخل سيارة حقيقية، وسوّها فيديو قصير للإعلان | D9: لم يتم
A10: 7 | B10: اسم العلامة (ريشة) | C10: اسم اقترحته أنا. ابحث إن ما أحد مسجّله قبل ما تطبع أي شي عليه | D10: لم يتم
